City_ID,City,Country,Date,Lat,Lng,Max Temp,Humidity,Cloudiness,Wind Speed
0,Flinders,AU,2021-07-19 01:38:50,-34.5833,150.8552,58.37,65,99,5.01
1,Magole,TZ,2021-07-19 01:38:50,-6.3667,37.3667,63.43,79,10,1.7
2,Butaritari,KI,2021-07-19 01:38:50,3.0707,172.7902,83.73,72,100,9.08
3,Esperance,AU,2021-07-19 01:38:50,-33.8667,121.9,53.44,76,80,14.5
4,Provideniya,RU,2021-07-19 01:38:50,64.3833,-173.3,50.11,81,90,13.42
5,Vaini,TO,2021-07-19 01:38:51,-21.2,-175.2,80.76,83,20,10.36
6,Saint-Augustin,CA,2021-07-19 01:38:51,51.226,-58.6502,67.59,54,0,1.21
7,Noumea,NC,2021-07-19 01:38:51,-22.2763,166.4572,73.38,66,85,6.46
8,Torbay,CA,2021-07-19 01:38:51,47.6666,-52.7314,65.17,75,75,12.66
9,East London,ZA,2021-07-19 01:35:27,-33.0153,27.9116,60.06,28,0,6.85
10,Mataura,NZ,2021-07-19 01:38:52,-46.1927,168.8643,43.48,88,93,2.62
11,Bluff,NZ,2021-07-19 01:38:52,-46.6,168.3333,43.81,76,77,6.2
12,Moerai,PF,2021-07-19 01:38:52,-22.4333,-151.3333,74.17,82,100,28.74
13,Ginda,IN,2021-07-19 01:38:52,30.6945,78.4932,68.04,96,100,1.3
14,Rikitea,PF,2021-07-19 01:38:53,-23.1203,-134.9692,70.81,64,100,25.05
15,Hilo,US,2021-07-19 01:38:53,19.7297,-155.09,79.25,87,90,4.61
16,Ancud,CL,2021-07-19 01:38:53,-41.8697,-73.8203,46.22,86,100,5.61
17,Codrington,AU,2021-07-19 01:38:53,-38.2667,141.9667,55.33,74,76,13.33
18,Arraial Do Cabo,BR,2021-07-19 01:38:53,-22.9661,-42.0278,68.41,87,100,20.49
19,Omboue,GA,2021-07-19 01:38:54,-1.5746,9.2618,70.88,86,23,5.06
20,Mangrol,IN,2021-07-19 01:38:54,21.1167,70.1167,83.32,80,100,18.01
21,Ushuaia,AR,2021-07-19 01:38:36,-54.8,-68.3,44.26,65,40,13.8
22,Vila Velha,BR,2021-07-19 01:36:40,-20.3297,-40.2925,73.35,78,0,6.91
23,Tuktoyaktuk,CA,2021-07-19 01:38:54,69.4541,-133.0374,55.4,82,40,11.5
24,Hithadhoo,MV,2021-07-19 01:38:55,-0.6,73.0833,81.27,69,22,1.74
25,Bambanglipuro,ID,2021-07-19 01:38:55,-7.95,110.2833,80.67,71,17,4.74
26,Saskylakh,RU,2021-07-19 01:38:55,71.9167,114.0833,53.67,92,100,14.65
27,Te Anau,NZ,2021-07-19 01:38:55,-45.4167,167.7167,46.0,81,75,1.39
28,Nikolskoye,RU,2021-07-19 01:38:55,59.7035,30.7861,62.49,90,9,7.0
29,Lubango,AO,2021-07-19 01:38:56,-14.9172,13.4925,55.31,61,19,3.49
30,Albany,US,2021-07-19 01:38:56,42.6001,-73.9662,68.38,95,100,5.61
31,Bambous Virieux,MU,2021-07-19 01:38:56,-20.3428,57.7575,68.25,88,40,9.22
32,Martinsburg,US,2021-07-19 01:38:56,39.4562,-77.9639,75.18,73,1,0.0
33,Khatanga,RU,2021-07-19 01:38:56,71.9667,102.5,61.45,61,99,12.12
34,Husavik,IS,2021-07-19 01:38:57,66.0449,-17.3389,64.31,81,100,3.06
35,Kapaa,US,2021-07-19 01:38:57,22.0752,-159.319,84.52,78,75,5.01
36,Boa Vista,BR,2021-07-19 01:38:57,2.8197,-60.6733,76.98,94,75,5.75
37,Melhus,NO,2021-07-19 01:38:57,63.2855,10.2781,53.28,80,34,9.73
38,Puerto Ayora,EC,2021-07-19 01:38:58,-0.7393,-90.3518,72.55,90,72,5.99
39,Dalvik,IS,2021-07-19 01:38:58,65.9702,-18.5286,64.33,75,100,2.86
40,Tongliao,CN,2021-07-19 01:35:02,43.6125,122.2653,87.46,47,49,17.63
41,Busselton,AU,2021-07-19 01:38:58,-33.65,115.3333,53.04,80,100,10.31
42,Jamestown,US,2021-07-19 01:38:58,42.097,-79.2353,69.44,83,1,4.61
43,Bredasdorp,ZA,2021-07-19 01:38:59,-34.5322,20.0403,49.32,87,77,4.61
44,Salalah,OM,2021-07-19 01:37:54,17.0151,54.0924,77.09,94,90,6.91
45,Punta Arenas,CL,2021-07-19 01:35:58,-53.15,-70.9167,41.11,81,0,23.02
46,Severo-Kurilsk,RU,2021-07-19 01:38:59,50.6789,156.125,53.47,91,80,14.09
47,Rognan,NO,2021-07-19 01:38:59,67.0953,15.3878,50.88,94,97,2.37
48,Ballina,AU,2021-07-19 01:39:00,-28.8667,153.5667,64.36,48,40,5.75
49,Dikson,RU,2021-07-19 01:39:00,73.5069,80.5464,36.12,90,63,8.1
50,New Norfolk,AU,2021-07-19 01:39:00,-42.7826,147.0587,52.92,66,100,5.23
51,Mar Del Plata,AR,2021-07-19 01:36:21,-38.0023,-57.5575,48.13,68,75,3.0
52,Kaeo,NZ,2021-07-19 01:39:01,-35.1,173.7833,63.32,72,100,10.16
53,Ponta Do Sol,PT,2021-07-19 01:39:01,32.6667,-17.1,70.72,86,1,3.44
54,Zhangye,CN,2021-07-19 01:37:23,38.9342,100.4517,79.9,27,23,16.31
55,Sola,VU,2021-07-19 01:39:02,-13.8833,167.55,80.28,77,31,16.31
56,Varnsdorf,CZ,2021-07-19 01:39:02,50.9115,14.6182,64.62,86,53,3.06
57,Karratha,AU,2021-07-19 01:39:03,-20.7377,116.8463,77.79,25,39,13.89
58,Pleasanton,US,2021-07-19 01:39:03,37.6624,-121.8747,96.91,39,1,1.01
59,Iqaluit,CA,2021-07-19 01:39:03,63.7506,-68.5145,42.53,70,90,9.22
60,Avarua,CK,2021-07-19 01:39:03,-21.2078,-159.775,78.85,78,20,16.11
61,Rafaela,AR,2021-07-19 01:39:04,-31.2503,-61.4867,43.99,52,0,3.51
62,Castro,BR,2021-07-19 01:39:04,-24.7911,-50.0119,35.44,68,0,5.95
63,Chokurdakh,RU,2021-07-19 01:39:04,70.6333,147.9167,57.79,41,80,5.68
64,Yenagoa,NG,2021-07-19 01:39:04,4.9247,6.2642,73.96,93,88,3.51
65,Kamiiso,JP,2021-07-19 01:39:05,41.8167,140.65,77.38,88,40,10.36
66,San Ramon,US,2021-07-19 01:39:05,37.7799,-121.978,96.39,42,1,8.99
67,Udachnyy,RU,2021-07-19 01:39:05,66.4167,112.4,59.5,72,100,25.86
68,Saldanha,ZA,2021-07-19 01:39:05,-33.0117,17.9442,46.45,86,13,6.49
69,Nalut,LY,2021-07-19 01:39:06,30.3333,10.85,75.65,35,1,10.67
70,Biak,ID,2021-07-19 01:39:06,-0.9131,122.8766,81.03,68,83,7.92
71,Ukiah,US,2021-07-19 01:39:06,39.1502,-123.2078,98.13,21,1,6.91
72,Gamba,GA,2021-07-19 01:39:06,-2.65,10.0,69.08,88,27,2.91
73,San Cristobal,VE,2021-07-19 01:39:07,7.7669,-72.225,73.58,98,40,3.98
74,Diamantina,BR,2021-07-19 01:39:07,-18.2494,-43.6003,64.18,46,51,2.68
75,Cabedelo,BR,2021-07-19 01:39:07,-6.9811,-34.8339,74.07,88,4,11.65
76,Atuona,PF,2021-07-19 01:39:07,-9.8,-139.0333,78.15,74,2,24.34
77,Katsuura,JP,2021-07-19 01:39:07,35.1333,140.3,86.14,78,7,10.38
78,Puerto Escondido,MX,2021-07-19 01:39:08,15.85,-97.0667,85.03,61,40,6.91
79,Kaitangata,NZ,2021-07-19 01:39:08,-46.2817,169.8464,49.93,80,100,2.39
80,Sao Jose Da Coroa Grande,BR,2021-07-19 01:39:08,-8.8978,-35.1478,74.03,87,15,6.42
81,San Rafael Del Sur,NI,2021-07-19 01:39:08,11.8485,-86.4384,85.17,64,100,10.76
82,Negombo,LK,2021-07-19 01:35:53,7.2083,79.8358,80.65,83,40,9.22
83,Souillac,MU,2021-07-19 01:39:09,-20.5167,57.5167,68.38,88,40,9.22
84,Mackay,AU,2021-07-19 01:39:09,-21.15,149.2,75.69,64,6,8.05
85,Patos,BR,2021-07-19 01:36:44,-7.0244,-37.28,74.59,71,14,10.45
86,Rawson,AR,2021-07-19 01:34:24,-43.3002,-65.1023,47.68,38,91,10.96
87,Kodiak,US,2021-07-19 01:39:09,57.79,-152.4072,65.71,68,1,4.61
88,Barrow,US,2021-07-19 01:39:10,71.2906,-156.7887,46.42,81,90,11.5
89,Diego De Almagro,CL,2021-07-19 01:39:10,-26.3667,-70.05,58.37,35,100,2.95
90,Faanui,PF,2021-07-19 01:39:10,-16.4833,-151.75,75.47,81,100,18.63
91,Alyangula,AU,2021-07-19 01:39:10,-13.8483,136.4192,82.27,42,60,10.36
92,Caravelas,BR,2021-07-19 01:39:10,-17.7125,-39.2481,70.54,95,0,6.8
93,Walvis Bay,NA,2021-07-19 01:39:11,-22.9575,14.5053,70.09,28,5,9.93
94,Felanitx,ES,2021-07-19 01:39:11,39.4696,3.1483,72.95,74,0,5.17
95,Kavieng,PG,2021-07-19 01:39:11,-2.5744,150.7967,84.06,69,86,4.25
96,Sao Francisco,BR,2021-07-19 01:39:11,-15.9486,-44.8644,71.22,40,0,1.03
97,Ryotsu,JP,2021-07-19 01:39:11,38.0833,138.4333,84.16,63,0,4.88
98,Barcelona,ES,2021-07-19 01:39:12,41.3888,2.159,79.56,64,20,5.01
99,Maragogi,BR,2021-07-19 01:39:12,-9.0122,-35.2225,73.62,88,16,5.5
100,Cape Town,ZA,2021-07-19 01:39:12,-33.9258,18.4232,57.11,91,0,5.75
101,Dali,CN,2021-07-19 01:39:12,25.7,100.1833,69.67,78,99,2.46
102,Clyde River,CA,2021-07-19 01:39:13,70.4692,-68.5914,37.63,81,90,17.27
103,Tilichiki,RU,2021-07-19 01:39:13,60.4667,166.1,59.95,66,100,2.19
104,Cidreira,BR,2021-07-19 01:39:13,-30.1811,-50.2056,50.23,64,96,30.24
105,Qaanaaq,GL,2021-07-19 01:39:13,77.484,-69.3632,31.75,87,24,2.91
106,Longyearbyen,SJ,2021-07-19 01:39:14,78.2186,15.6401,39.04,87,90,5.75
107,Saint-Philippe,RE,2021-07-19 01:39:14,-21.3585,55.7679,67.55,75,40,12.01
108,Bathsheba,BB,2021-07-19 01:39:14,13.2167,-59.5167,83.01,78,40,18.41
109,Pandan,PH,2021-07-19 01:39:14,14.0453,124.1694,86.14,70,100,10.31
110,Tiznit,MA,2021-07-19 01:39:14,29.5833,-9.5,77.65,28,0,4.76
111,Sao Joao Da Barra,BR,2021-07-19 01:39:15,-21.6403,-41.0511,70.48,89,73,12.57
112,Port Keats,AU,2021-07-19 01:39:15,-14.25,129.55,86.13,24,99,8.3
113,Pevek,RU,2021-07-19 01:38:01,69.7008,170.3133,39.2,88,100,7.65
114,Nemuro,JP,2021-07-19 01:39:15,43.3236,145.575,84.63,90,24,1.54
115,Georgetown,MY,2021-07-19 01:39:16,5.4112,100.3354,84.13,81,20,3.0
116,Lebu,CL,2021-07-19 01:39:16,-37.6167,-73.65,49.53,75,61,17.94
117,Vila Franca Do Campo,PT,2021-07-19 01:39:16,37.7167,-25.4333,68.41,82,2,6.58
118,Krumbach,DE,2021-07-19 01:39:16,48.2418,10.3632,60.13,99,0,3.98
119,Shagonar,RU,2021-07-19 01:39:17,51.5333,92.8,65.44,59,99,1.21
120,Hobart,AU,2021-07-19 01:39:17,-42.8794,147.3294,53.26,73,75,1.99
121,Vardo,NO,2021-07-19 01:39:17,70.3705,31.1107,47.3,85,100,20.11
122,Lompoc,US,2021-07-19 01:39:17,34.6391,-120.4579,85.01,72,1,5.01
123,Comodoro Rivadavia,AR,2021-07-19 01:39:18,-45.8667,-67.5,57.06,24,0,24.16
124,Birao,CF,2021-07-19 01:39:18,10.2849,22.7882,70.88,94,100,4.36
125,Lasa,IT,2021-07-19 01:39:18,46.6166,10.7002,65.28,90,27,6.38
126,Rocha,UY,2021-07-19 01:39:18,-34.4833,-54.3333,48.97,85,100,25.93
127,Cayenne,GF,2021-07-19 01:39:18,4.9333,-52.3333,82.09,83,0,0.0
128,Pisco,PE,2021-07-19 01:39:19,-13.7,-76.2167,62.65,82,0,14.97
129,Lubsko,PL,2021-07-19 01:39:19,51.7847,14.972,66.04,89,99,6.15
130,Camana,PE,2021-07-19 01:39:19,-16.6228,-72.7111,60.28,87,65,5.32
131,Havoysund,NO,2021-07-19 01:39:19,70.9963,24.6622,47.28,78,83,22.59
132,Broome,US,2021-07-19 01:39:20,42.2506,-75.833,67.6,94,90,1.99
133,Lorengau,PG,2021-07-19 01:39:20,-2.0226,147.2712,83.82,70,87,3.69
134,Siilinjarvi,FI,2021-07-19 01:39:20,63.0833,27.6667,55.42,76,0,6.91
135,Skierniewice,PL,2021-07-19 01:39:20,51.9548,20.1584,67.75,96,3,6.82
136,Thompson,CA,2021-07-19 01:39:20,55.7435,-97.8558,51.96,87,75,4.61
137,Hermanus,ZA,2021-07-19 01:39:21,-34.4187,19.2345,56.89,81,94,7.47
138,Kitami,JP,2021-07-19 01:39:21,43.8031,143.8908,83.66,60,13,6.15
139,Smithers,CA,2021-07-19 01:39:21,54.7804,-127.1743,62.92,67,40,5.75
140,Shangrao,CN,2021-07-19 01:39:21,28.4532,117.9686,85.1,71,79,6.08
141,Coquimbo,CL,2021-07-19 01:39:04,-29.9533,-71.3436,51.53,93,75,2.3
142,Nelson Bay,AU,2021-07-19 01:39:21,-32.7167,152.15,58.1,59,99,1.99
143,Kuala Terengganu,MY,2021-07-19 01:39:22,5.3302,103.1408,80.55,89,20,4.61
144,Benguela,AO,2021-07-19 01:39:22,-12.5763,13.4055,68.18,86,82,4.83
145,Marzuq,YE,2021-07-19 01:39:22,14.4,46.4667,77.79,58,100,0.56
146,Yellowknife,CA,2021-07-19 01:39:22,62.456,-114.3525,66.29,42,1,9.22
147,Aklavik,CA,2021-07-19 01:39:22,68.2191,-135.0107,61.52,75,100,3.24
148,Nizhniy Tsasuchey,RU,2021-07-19 01:39:23,50.5167,115.1333,73.13,58,64,7.87
149,Tashara,RU,2021-07-19 01:39:23,55.5195,83.5094,57.24,89,54,4.74
150,Kutum,SD,2021-07-19 01:39:23,14.2,24.6667,71.24,65,80,7.27
151,Port Alfred,ZA,2021-07-19 01:39:23,-33.5906,26.891,62.26,30,0,11.18
152,Bria,CF,2021-07-19 01:39:23,6.5423,21.9863,67.6,98,97,3.47
153,Mount Gambier,AU,2021-07-19 01:39:24,-37.8333,140.7667,53.51,87,75,11.5
154,Estacion Coahuila,MX,2021-07-19 01:39:24,32.1939,-115.0017,106.34,39,0,15.43
155,Murdochville,CA,2021-07-19 01:39:24,48.9583,-65.5006,58.08,86,100,3.78
156,Port Lincoln,AU,2021-07-19 01:39:24,-34.7333,135.8667,58.37,68,49,19.82
157,Kamaishi,JP,2021-07-19 01:39:24,39.2667,141.8833,88.75,67,12,4.56
158,Saint George,US,2021-07-19 01:39:25,37.1041,-113.5841,90.19,43,1,1.99
159,Ribeira Grande,PT,2021-07-19 01:39:25,38.5167,-28.7,69.12,77,11,11.9
160,Barcelos,PT,2021-07-19 01:39:25,41.5388,-8.6151,66.29,95,49,2.62
161,Tasiilaq,GL,2021-07-19 01:39:25,65.6145,-37.6368,42.96,81,77,5.79
162,San Luis,AR,2021-07-19 01:38:33,-33.295,-66.3356,42.39,31,3,6.15
163,Chifeng,CN,2021-07-19 01:38:37,42.2683,118.9636,82.36,58,12,6.8
164,Tyukhtet,RU,2021-07-19 01:39:26,56.5389,89.3011,59.56,95,96,6.38
165,Lagoa,PT,2021-07-19 01:39:26,39.05,-27.9833,67.77,75,53,17.0
166,Nenjiang,CN,2021-07-19 01:39:26,49.1833,125.2167,78.28,88,99,10.87
167,Ulaanbaatar,MN,2021-07-19 01:36:42,47.9077,106.8832,71.73,56,40,13.42
168,Silver City,US,2021-07-19 01:39:27,32.7701,-108.2803,71.67,80,100,4.0
169,Port Hedland,AU,2021-07-19 01:39:27,-20.3167,118.5667,75.25,22,29,16.11
170,Murray Bridge,AU,2021-07-19 01:39:27,-35.1167,139.2667,54.48,69,56,16.71
171,Tuatapere,NZ,2021-07-19 01:39:27,-46.1333,167.6833,43.83,76,33,1.57
172,Keningau,MY,2021-07-19 01:39:28,5.3378,116.1602,77.45,62,81,1.59
173,Na Klang,TH,2021-07-19 01:39:28,17.3072,102.1889,83.32,79,100,5.19
174,Nanortalik,GL,2021-07-19 01:39:28,60.1432,-45.2371,45.68,99,100,4.34
175,Yashalta,RU,2021-07-19 01:35:01,46.3395,42.2762,75.7,49,0,5.55
176,Vung Tau,VN,2021-07-19 01:39:28,10.346,107.0843,79.61,87,93,12.93
177,Machilipatnam,IN,2021-07-19 01:39:29,16.1667,81.1333,80.8,75,33,13.11
178,Belmonte,BR,2021-07-19 01:39:29,-15.8631,-38.8828,70.3,90,9,7.43
179,Krasnorechenskiy,RU,2021-07-19 01:39:29,44.6265,135.3532,88.92,45,4,3.87
180,Airai,TL,2021-07-19 01:39:30,-8.9266,125.4092,73.15,34,64,4.54
181,Madimba,TZ,2021-07-19 01:39:30,-10.4,40.3333,69.12,88,20,12.66
182,Macheng,CN,2021-07-19 01:39:31,31.1783,115.0319,78.57,89,100,3.09
183,Seymchan,RU,2021-07-19 01:39:31,62.8833,152.4333,51.76,55,100,8.32
184,Noyabrsk,RU,2021-07-19 01:36:19,63.1994,75.4507,59.07,61,6,4.25
185,Adrar,MR,2021-07-19 01:39:31,20.5022,-10.0711,91.72,14,1,9.66
186,Yumen,CN,2021-07-19 01:39:31,40.2833,97.2,76.26,31,96,3.22
187,Beyneu,KZ,2021-07-19 01:39:31,45.3167,55.2,89.92,17,77,8.55
188,Opuwo,NA,2021-07-19 01:39:32,-18.0607,13.84,60.62,40,35,7.76
189,Pochutla,MX,2021-07-19 01:39:32,15.7432,-96.4661,84.02,81,2,4.56
190,Newtonhill,GB,2021-07-19 01:34:45,57.0333,-2.15,57.15,99,40,3.44
191,Gunjur,GM,2021-07-19 01:39:32,13.2019,-16.7339,77.07,100,75,4.61
192,Beloha,MG,2021-07-19 01:39:33,-25.1667,45.05,66.02,86,77,13.73
193,Whangarei,NZ,2021-07-19 01:39:33,-35.7317,174.3239,63.48,80,59,8.46
194,Ulladulla,AU,2021-07-19 01:39:33,-35.35,150.4667,56.88,47,100,8.03
195,Los Llanos De Aridane,ES,2021-07-19 01:39:33,28.6585,-17.9182,65.95,94,1,12.66
196,Lehrte,DE,2021-07-19 01:35:52,52.3833,9.9667,62.51,83,56,4.88
197,Romny,UA,2021-07-19 01:39:34,50.751,33.4747,68.58,84,0,4.43
198,Fillan,NO,2021-07-19 01:39:34,63.6064,8.9696,54.37,80,100,25.5
199,Bodden Town,KY,2021-07-19 01:39:34,19.2833,-81.25,83.93,86,12,11.68
200,Taonan,CN,2021-07-19 01:39:34,45.3333,122.7833,85.24,57,97,14.97
201,Harper,LR,2021-07-19 01:39:35,4.375,-7.7169,75.6,78,99,8.48
202,Nouadhibou,MR,2021-07-19 01:39:35,20.931,-17.0347,69.78,94,7,12.66
203,Huaicheng,CN,2021-07-19 01:39:35,23.9051,112.1931,85.23,70,100,2.06
204,Svetlogorsk,BY,2021-07-19 01:39:35,52.6333,29.7333,65.86,95,99,5.46
205,Naze,JP,2021-07-19 01:39:35,28.3667,129.4833,85.12,83,90,19.98
206,Calama,CL,2021-07-19 01:39:36,-22.4667,-68.9333,46.89,14,34,12.66
207,Port Blair,IN,2021-07-19 01:39:36,11.6667,92.75,79.81,88,100,18.19
208,Nioro,GM,2021-07-19 01:39:36,13.35,-15.75,71.76,95,100,8.12
209,Razole,IN,2021-07-19 01:39:36,16.4833,81.8333,82.69,76,60,7.83
210,Kismayo,SO,2021-07-19 01:39:36,-0.3582,42.5454,77.22,79,94,17.94
211,Strezhevoy,RU,2021-07-19 01:39:37,60.7333,77.5889,60.78,66,17,5.44
212,Deputatskiy,RU,2021-07-19 01:39:37,69.3,139.9,62.28,33,99,5.48
213,Hambantota,LK,2021-07-19 01:39:37,6.1241,81.1185,77.34,100,20,2.3
214,Bengkulu,ID,2021-07-19 01:39:37,-3.8004,102.2655,79.03,82,71,2.98
215,Tiksi,RU,2021-07-19 01:39:38,71.6872,128.8694,46.58,68,100,1.88
216,Zhangjiakou,CN,2021-07-19 01:39:38,40.81,114.8794,76.3,73,68,5.17
217,Cabo San Lucas,MX,2021-07-19 01:39:38,22.8909,-109.9124,88.61,66,75,4.0
218,Rongcheng,CN,2021-07-19 01:39:38,30.634,117.8517,82.53,76,95,2.1
219,Manokwari,ID,2021-07-19 01:39:39,-0.8667,134.0833,77.92,83,100,4.05
220,Hualmay,PE,2021-07-19 01:39:39,-11.0964,-77.6139,63.36,83,64,10.31
221,Broken Hill,AU,2021-07-19 01:39:39,-31.95,141.4333,53.31,58,90,9.22
222,Talnakh,RU,2021-07-19 01:39:39,69.4865,88.3972,51.26,67,96,4.83
223,Orel-Izumrud,RU,2021-07-19 01:39:39,43.4583,39.9244,69.82,94,0,6.71
224,Vila Do Maio,CV,2021-07-19 01:39:40,15.1333,-23.2167,75.99,89,31,8.05
225,Alice Springs,AU,2021-07-19 01:39:40,-23.7,133.8833,62.15,42,5,8.05
226,Gomel,BY,2021-07-19 01:39:40,52.4345,30.9754,73.38,78,0,13.42
227,Kibala,TD,2021-07-19 01:39:40,9.1104,18.3463,71.73,97,100,1.01
228,Anapolis,BR,2021-07-19 01:39:41,-16.3267,-48.9528,70.27,64,0,13.8
229,Kruisfontein,ZA,2021-07-19 01:39:41,-34.0033,24.7314,56.21,23,1,10.33
230,Maniitsoq,GL,2021-07-19 01:39:41,65.4167,-52.9,45.45,90,100,15.84
231,Tecoanapa,MX,2021-07-19 01:39:42,16.5167,-98.75,81.54,77,57,4.97
232,Leningradskiy,RU,2021-07-19 01:39:42,69.3833,178.4167,37.15,99,100,7.2
233,Burnie,AU,2021-07-19 01:39:42,-41.0667,145.9167,53.82,75,100,8.32
234,Chuy,UY,2021-07-19 01:39:42,-33.6971,-53.4616,49.35,81,100,22.39
235,Darhan,MN,2021-07-19 01:39:42,49.4867,105.9228,59.2,92,100,6.44
236,Srednekolymsk,RU,2021-07-19 01:39:43,67.45,153.6833,60.69,37,61,5.44
237,Port-Cartier,CA,2021-07-19 01:39:43,50.0334,-66.8654,63.75,84,100,1.14
238,Upernavik,GL,2021-07-19 01:38:44,72.7868,-56.1549,37.18,87,100,15.28
239,Marawi,PH,2021-07-19 01:39:43,7.9986,124.2928,79.65,61,100,4.97
240,Goderich,CA,2021-07-19 01:39:44,43.7501,-81.7165,68.92,82,40,2.3
241,Vega De Alatorre,MX,2021-07-19 01:39:44,20.0333,-96.6333,80.1,79,11,2.37
242,Cherskiy,RU,2021-07-19 01:39:44,68.75,161.3,51.48,54,100,11.39
243,Kiama,AU,2021-07-19 01:39:44,-34.6833,150.8667,58.57,63,99,5.01
244,Arenapolis,BR,2021-07-19 01:39:45,-14.4503,-56.8461,65.25,72,28,8.61
245,Maceio,BR,2021-07-19 01:39:45,-9.6658,-35.7353,72.84,94,20,3.44
246,Dzhebariki-Khaya,RU,2021-07-19 01:39:45,62.2167,135.8,79.59,27,17,0.92
247,Touros,BR,2021-07-19 01:39:45,-5.1989,-35.4608,76.1,84,27,13.27
248,Springdale,US,2021-07-19 01:39:45,36.1867,-94.1288,80.42,79,75,8.99
249,Larsnes,NO,2021-07-19 01:39:46,62.2028,5.5773,53.67,83,90,3.47
250,Vigeland,NO,2021-07-19 01:39:46,58.0844,7.305,55.94,72,12,7.18
251,Moron,AR,2021-07-19 01:39:46,-34.6534,-58.6198,47.95,77,0,5.01
252,Xining,CN,2021-07-19 01:39:46,36.6167,101.7667,66.0,59,0,0.85
253,Savannakhet,LA,2021-07-19 01:39:47,16.566,104.751,80.62,83,75,4.61
254,Bo Phloi,TH,2021-07-19 01:39:47,14.3236,99.5161,75.88,93,100,7.74
255,Plainview,US,2021-07-19 01:39:47,40.7765,-73.4673,77.49,77,1,1.99
256,Izumo,JP,2021-07-19 01:39:47,35.3667,132.7667,89.55,66,40,10.36
257,Coahuayana,MX,2021-07-19 01:39:48,18.7333,-103.6833,81.88,88,98,1.86
258,Paducah,US,2021-07-19 01:39:48,37.0834,-88.6001,75.45,89,87,4.32
259,Santa Isabel Do Rio Negro,BR,2021-07-19 01:39:48,-0.4139,-65.0192,76.1,83,86,2.37
260,Puerto Madryn,AR,2021-07-19 01:39:49,-42.7692,-65.0385,49.19,38,27,14.34
261,North Bend,US,2021-07-19 01:39:49,43.4065,-124.2243,65.91,78,75,19.57
262,Mahebourg,MU,2021-07-19 01:37:52,-20.4081,57.7,68.29,88,40,9.22
263,Morant Bay,JM,2021-07-19 01:39:49,17.8815,-76.4093,83.82,85,84,8.34
264,La Ronge,CA,2021-07-19 01:39:50,55.1001,-105.2842,55.65,76,90,6.91
265,Avera,US,2021-07-19 01:39:50,33.194,-82.5271,77.05,65,98,4.94
266,Dudinka,RU,2021-07-19 01:36:54,69.4058,86.1778,48.34,65,100,9.6
267,Jalu,LY,2021-07-19 01:39:50,29.0331,21.5482,74.37,66,4,8.61
268,Olafsvik,IS,2021-07-19 01:39:51,64.8945,-23.7142,49.87,93,77,10.22
269,Ahipara,NZ,2021-07-19 01:39:51,-35.1667,173.1667,58.64,80,87,13.0
270,San Quintin,MX,2021-07-19 01:39:51,30.4833,-115.95,72.01,80,1,9.31
271,Pangnirtung,CA,2021-07-19 01:39:51,66.1451,-65.7125,44.78,92,100,1.9
272,Ust-Nera,RU,2021-07-19 01:39:51,64.5667,143.2,68.56,30,39,3.62
273,Bossier City,US,2021-07-19 01:39:52,32.516,-93.7321,89.78,72,1,9.22
274,The Valley,AI,2021-07-19 01:39:52,18.217,-63.0578,84.06,79,1,20.96
275,Hofn,IS,2021-07-19 01:39:52,64.2539,-15.2082,53.28,80,64,1.61
276,Mundo Nuevo,MX,2021-07-19 01:39:52,18.7,-95.5,81.1,78,2,8.21
277,Narsaq,GL,2021-07-19 01:39:52,60.9167,-46.05,46.62,96,100,2.55
278,Uglovskoye,RU,2021-07-19 01:35:35,51.3557,80.1942,65.12,72,1,9.24
279,Gardabani,GE,2021-07-19 01:39:53,41.4605,45.0928,75.29,51,0,1.81
280,Kushima,JP,2021-07-19 01:39:53,31.4583,131.2333,83.71,85,99,11.23
281,Victoria,HK,2021-07-19 01:37:03,22.2855,114.1577,81.32,93,100,1.99
282,Ust-Maya,RU,2021-07-19 01:39:41,60.4167,134.5333,79.95,42,32,2.8
283,Port Elizabeth,ZA,2021-07-19 01:39:53,-33.918,25.5701,44.89,70,0,2.3
284,Puquio,PE,2021-07-19 01:39:54,-14.7,-74.1333,52.3,43,8,4.34
285,Miandrivazo,MG,2021-07-19 01:39:54,-19.5167,45.4667,70.3,55,43,2.59
286,Klaksvik,FO,2021-07-19 01:39:54,62.2266,-6.589,49.12,88,2,2.59
287,Sasolburg,ZA,2021-07-19 01:39:54,-26.8136,27.817,37.17,26,0,3.91
288,Mount Isa,AU,2021-07-19 01:39:55,-20.7333,139.5,65.97,32,8,12.66
289,Yaan,NG,2021-07-19 01:39:55,7.3833,8.5667,71.64,94,100,5.64
290,Samarai,PG,2021-07-19 01:39:55,-10.6167,150.6667,81.07,71,100,13.94
291,Ixtapa,MX,2021-07-19 01:39:55,20.7,-105.2,87.03,70,40,11.5
292,Kenai,US,2021-07-19 01:36:33,60.5544,-151.2583,79.03,67,1,11.5
293,Petropavlovsk-Kamchatskiy,RU,2021-07-19 01:39:56,53.0452,158.6483,55.99,100,90,6.71
294,Sivas,TR,2021-07-19 01:39:56,39.7916,37.0019,66.83,59,20,5.75
295,Oktyabrskiy,RU,2021-07-19 01:39:56,54.4815,53.471,68.74,74,100,1.34
296,Coaticook,CA,2021-07-19 01:39:56,45.1334,-71.7991,65.01,87,100,2.17
297,Gorontalo,ID,2021-07-19 01:37:46,0.5412,123.0595,86.22,59,65,7.43
298,Nuevo Progreso,MX,2021-07-19 01:39:57,23.1667,-97.95,85.59,85,18,4.59
299,Egvekinot,RU,2021-07-19 01:39:57,66.3167,-179.1667,43.84,96,100,0.83
300,Ishigaki,JP,2021-07-19 01:39:57,24.3448,124.1572,87.93,74,75,12.66
301,Leh,IN,2021-07-19 01:39:57,34.1667,77.5833,65.82,53,36,6.15
302,Meridian,US,2021-07-19 01:39:37,43.6121,-116.3915,99.45,21,1,5.75
303,Kirakira,SB,2021-07-19 01:39:58,-10.4544,161.9205,84.78,66,98,13.04
304,Esna,EG,2021-07-19 01:39:17,25.2934,32.554,87.82,20,48,8.05
305,Fortuna,US,2021-07-19 01:39:58,40.5982,-124.1573,65.93,77,1,1.99
306,Meulaboh,ID,2021-07-19 01:39:58,4.1363,96.1285,79.39,72,94,3.13
307,Roald,NO,2021-07-19 01:39:59,62.5833,6.1333,54.0,76,90,11.5
308,Shubarshi,KZ,2021-07-19 01:39:59,48.5872,57.1869,82.0,35,27,5.19
309,Lanigan,CA,2021-07-19 01:39:59,51.8501,-105.0344,75.09,61,53,11.56
310,Shar,KZ,2021-07-19 01:39:59,49.5886,81.0453,73.18,40,100,7.23
311,Tsiroanomandidy,MG,2021-07-19 01:39:59,-18.7667,46.0333,58.46,82,56,3.27
312,Port Macquarie,AU,2021-07-19 01:40:00,-31.4333,152.9167,64.38,48,37,5.66
313,College,US,2021-07-19 01:40:01,64.8569,-147.8028,71.26,59,75,6.91
314,Oranjemund,NA,2021-07-19 01:40:01,-28.55,16.4333,58.01,70,0,4.14
315,Sur,OM,2021-07-19 01:40:01,22.5667,59.5289,84.49,69,11,9.46
316,Oksfjord,NO,2021-07-19 01:40:02,70.2396,22.3479,50.0,82,94,10.98
317,Fethiye,TR,2021-07-19 01:39:32,36.6217,29.1164,75.07,66,0,2.21
318,Tautira,PF,2021-07-19 01:40:02,-17.7333,-149.15,78.82,80,100,25.19
319,Sann,PK,2021-07-19 01:40:02,26.0418,68.1378,84.11,71,100,14.43
320,Waingapu,ID,2021-07-19 01:40:03,-9.6567,120.2641,83.84,61,54,12.57
321,Jiangyou,CN,2021-07-19 01:40:03,31.7667,104.7167,84.63,66,0,2.3
322,Batagay,RU,2021-07-19 01:40:03,67.6333,134.6333,70.27,28,100,7.11
323,Sao Filipe,CV,2021-07-19 01:40:03,14.8961,-24.4956,74.8,86,62,7.67
324,Voyskovitsy,RU,2021-07-19 01:40:04,59.5287,29.964,61.63,77,13,8.59
325,Whitefish,US,2021-07-19 01:40:04,48.4111,-114.3376,91.89,35,1,6.91
326,Langenselbold,DE,2021-07-19 01:37:50,50.1766,9.04,68.76,80,0,4.9
327,Grindavik,IS,2021-07-19 01:40:04,63.8424,-22.4338,48.67,87,90,6.91
328,Sinnamary,GF,2021-07-19 01:40:04,5.3833,-52.95,78.42,82,65,6.82
329,Vallenar,CL,2021-07-19 01:40:05,-28.5708,-70.7581,58.35,53,100,1.97
330,Jacobabad,PK,2021-07-19 01:35:41,28.281,68.4388,92.91,57,100,12.17
331,Lodja,CD,2021-07-19 01:40:05,-3.4833,23.4333,66.43,50,4,1.3
332,Ternate,ID,2021-07-19 01:40:05,0.8,127.4,82.81,71,100,5.14
333,Hidalgo,MX,2021-07-19 01:40:06,20.5,-99.0,60.66,88,41,7.02
334,Bethel,US,2021-07-19 01:40:06,41.3712,-73.414,77.59,69,90,3.44
335,Vanimo,PG,2021-07-19 01:40:06,-2.6741,141.3028,84.2,69,84,0.69
336,Atar,MR,2021-07-19 01:40:06,20.5169,-13.0499,92.8,19,8,4.76
337,Bayshore Gardens,US,2021-07-19 01:40:06,27.4253,-82.5904,85.98,77,1,3.44
338,Rundu,NA,2021-07-19 01:40:07,-17.9333,19.7667,46.47,47,0,6.29
339,Greenwood Village,US,2021-07-19 01:40:07,39.6172,-104.9508,90.14,24,20,7.0
340,Kirkwall,GB,2021-07-19 01:40:07,58.9848,-2.9587,53.94,93,90,0.0
341,General Bravo,MX,2021-07-19 01:40:07,25.8,-99.1667,88.29,53,31,22.15
342,Carmen,MX,2021-07-19 01:36:42,18.6333,-91.8333,77.04,94,40,6.91
343,Shiyan,CN,2021-07-19 01:40:08,32.6475,110.7781,76.1,91,100,2.17
344,Kitimat,CA,2021-07-19 01:40:08,54.0524,-128.6534,70.18,68,100,3.0
345,Carnarvon,AU,2021-07-19 01:40:08,-24.8667,113.6333,60.87,43,40,8.05
346,Selikhino,RU,2021-07-19 01:40:08,50.3672,137.4996,81.25,63,94,5.35
347,Manggar,ID,2021-07-19 01:40:08,-2.8833,108.2667,82.94,77,34,10.87
348,Fairbanks,US,2021-07-19 01:40:09,64.8378,-147.7164,71.02,58,90,1.01
349,Bereda,ES,2021-07-19 01:40:09,43.2686,-7.5406,60.01,95,8,0.2
350,Hasaki,JP,2021-07-19 01:40:09,35.7333,140.8333,91.29,79,6,12.24
351,Hamilton,US,2021-07-19 01:40:09,39.1834,-84.5333,74.95,76,1,0.0
352,Urucara,BR,2021-07-19 01:40:10,-2.5364,-57.76,74.52,86,74,2.93
353,Kuri,KR,2021-07-19 01:40:10,37.5986,127.1394,85.86,65,75,5.75
354,Auki,SB,2021-07-19 01:40:10,-8.7676,160.7034,84.16,71,100,7.27
355,Imaichi,JP,2021-07-19 01:40:11,36.7167,139.6833,91.78,55,0,5.28
356,Moa,CU,2021-07-19 01:40:11,20.6569,-74.9403,80.35,87,99,13.82
357,Fomboni,KM,2021-07-19 01:40:11,-12.28,43.7425,76.06,73,16,15.37
358,Soderhamn,SE,2021-07-19 01:40:11,61.3037,17.0592,51.04,71,11,8.16
359,Itoman,JP,2021-07-19 01:40:11,26.1247,127.6694,88.57,68,75,16.11
360,Tiquisio,CO,2021-07-19 01:40:12,8.5597,-74.2669,76.46,97,4,2.59
361,Ainring,DE,2021-07-19 01:40:12,47.8167,12.95,63.0,100,75,3.44
362,Nome,US,2021-07-19 01:40:12,64.5011,-165.4064,62.17,77,40,11.5
363,Blagoyevo,RU,2021-07-19 01:40:13,63.3667,47.9167,64.35,64,31,7.63
364,Joniskis,LT,2021-07-19 01:40:13,56.2403,23.6153,61.72,91,93,3.85
365,Lata,PT,2021-07-19 01:40:13,40.1629,-8.3327,61.81,87,100,5.1
366,Key West,US,2021-07-19 01:38:29,24.5557,-81.7826,84.99,78,20,8.05
367,Beira,MZ,2021-07-19 01:39:13,-19.8436,34.8389,62.69,75,0,11.36
368,Laguna,US,2021-07-19 01:40:13,38.421,-121.4238,102.15,21,1,5.01
369,Berlevag,NO,2021-07-19 01:40:14,70.8578,29.0864,46.98,95,100,16.93
370,Abu Samrah,SY,2021-07-19 01:40:14,35.3029,37.1841,78.21,40,0,4.29
371,Smolenka,RU,2021-07-19 01:37:05,52.1352,113.4974,66.27,77,7,2.24
372,Itarema,BR,2021-07-19 01:40:14,-2.9248,-39.9167,77.58,85,5,9.64
373,Vrangel,RU,2021-07-19 01:40:15,42.7297,133.0839,77.92,77,40,7.14
374,Salinopolis,BR,2021-07-19 01:40:15,-0.6136,-47.3561,78.01,85,2,9.15
375,Pacific Grove,US,2021-07-19 01:40:15,36.6177,-121.9166,87.98,84,1,4.0
376,Ruzsa,HU,2021-07-19 01:40:15,46.2881,19.7471,69.78,92,100,11.95
377,Wenatchee,US,2021-07-19 01:40:16,47.4235,-120.3103,101.25,20,1,3.0
378,Xingtai,CN,2021-07-19 01:40:16,37.0631,114.4942,74.55,95,100,4.23
379,Mayumba,GA,2021-07-19 01:40:16,-3.432,10.6554,69.21,90,25,0.89
380,Barentu,ER,2021-07-19 01:40:16,15.1139,37.5928,70.5,71,18,2.71
381,Zima,RU,2021-07-19 01:40:16,53.9202,102.0442,69.31,60,100,7.81
382,Ayagoz,KZ,2021-07-19 01:40:17,47.9714,80.4392,77.88,20,47,6.15
383,Pedasi,PA,2021-07-19 01:40:17,7.5333,-80.0333,72.45,83,100,8.61
384,Dicabisagan,PH,2021-07-19 01:40:17,17.0818,122.4157,87.48,65,100,2.21
385,Hervey Bay,AU,2021-07-19 01:40:17,-25.2986,152.8535,66.31,49,0,4.34
386,Yulara,AU,2021-07-19 01:40:17,-25.2406,130.9889,60.64,44,9,4.61
387,Namur,BE,2021-07-19 01:40:17,50.4669,4.8675,62.73,95,0,5.28
388,Risor,NO,2021-07-19 01:40:18,58.7206,9.2342,58.28,66,9,10.78
389,Sarab,IR,2021-07-19 01:40:18,38.6066,44.9883,74.46,43,0,3.02
390,Valparaiso,CL,2021-07-19 01:40:18,-33.0393,-71.6273,52.48,76,0,3.44
391,Papar,MY,2021-07-19 01:40:18,5.7333,115.9333,80.6,62,99,2.73
392,Loreto,MX,2021-07-19 01:40:19,22.2667,-101.9667,68.43,52,3,16.6
393,Wasilla,US,2021-07-19 01:40:19,61.5814,-149.4394,80.58,54,1,5.75
394,Harlow,GB,2021-07-19 01:35:45,51.7766,0.1116,69.44,83,0,5.75
395,Lavrentiya,RU,2021-07-19 01:40:19,65.5833,-171.0,48.31,87,100,6.78
396,Grand-Santi,GF,2021-07-19 01:40:19,4.25,-54.3833,74.05,92,72,2.84
397,Ust-Kulom,RU,2021-07-19 01:40:20,61.6864,53.6902,59.95,62,3,1.48
398,Faya,SA,2021-07-19 01:40:20,18.3851,42.4509,64.51,61,100,6.73
399,Latehar,IN,2021-07-19 01:40:20,23.75,84.5,83.8,68,100,1.72
400,Riyadh,SA,2021-07-19 01:37:45,24.6877,46.7219,87.94,59,11,3.24
401,Kropotkin,RU,2021-07-19 01:40:20,45.4375,40.5756,72.45,69,0,5.75
402,Diffa,NE,2021-07-19 01:40:21,13.3154,12.6113,77.5,64,70,10.02
403,Great Yarmouth,GB,2021-07-19 01:40:21,52.6083,1.7305,64.94,87,22,3.74
404,Padang,ID,2021-07-19 01:40:21,-0.9492,100.3543,80.65,77,100,3.22
405,Saint-Denis,FR,2021-07-19 01:40:21,48.9167,2.3333,70.29,78,0,8.05
406,Hun,LY,2021-07-19 01:40:21,29.1268,15.9477,74.73,60,0,4.76
407,Savelugu,GH,2021-07-19 01:40:22,9.6244,-0.8253,76.77,78,100,6.17
408,De-Kastri,RU,2021-07-19 01:40:22,51.4667,140.7833,81.28,38,0,8.41
409,Mamallapuram,IN,2021-07-19 01:40:22,12.6264,80.1722,82.45,70,91,9.04
410,Marsabit,KE,2021-07-19 01:40:23,2.3284,37.9899,59.49,77,93,15.12
411,Koutiala,ML,2021-07-19 01:40:23,12.3917,-5.4642,80.65,64,100,6.13
412,Ouadda,CF,2021-07-19 01:40:23,8.0777,22.4007,66.4,98,98,2.84
413,Bodaybo,RU,2021-07-19 01:37:23,57.8506,114.1933,65.34,91,100,2.91
414,Belaya Gora,RU,2021-07-19 01:40:24,68.5333,146.4167,63.68,34,99,8.99
415,Panzhihua,CN,2021-07-19 01:40:24,26.5851,101.7128,77.9,72,48,2.04
416,Hami,CN,2021-07-19 01:40:24,42.8,93.45,80.55,27,94,8.01
417,Ouallam,NE,2021-07-19 01:40:24,14.3188,2.0866,75.02,80,100,23.47
418,Roma,US,2021-07-19 01:40:25,43.2128,-75.4557,69.94,89,90,3.44
419,Livingston,GB,2021-07-19 01:40:25,55.9029,-3.5226,57.85,88,0,1.14
420,Waipawa,NZ,2021-07-19 01:40:25,-41.4122,175.5153,53.46,91,99,13.69
421,Kaohsiung,TW,2021-07-19 01:40:25,22.6163,120.3133,89.55,69,75,4.0
422,Mwingi,KE,2021-07-19 01:40:25,-0.9344,38.0601,59.63,89,67,4.79
423,Porosozero,RU,2021-07-19 01:40:26,62.7191,32.727,53.1,95,84,4.14
424,Nantucket,US,2021-07-19 01:40:26,41.2835,-70.0995,75.54,82,90,8.05
425,Saint Anthony,US,2021-07-19 01:40:26,45.0205,-93.218,84.34,53,75,8.05
426,Myingyan,MM,2021-07-19 01:40:26,21.4667,95.3833,87.39,63,100,10.87
427,Wawa,NG,2021-07-19 01:40:26,9.9022,4.4192,74.43,91,100,6.78
428,Vao,NC,2021-07-19 01:40:27,-22.6667,167.4833,69.15,64,3,9.62
429,Potam,MX,2021-07-19 01:40:27,27.6,-110.3833,93.92,54,15,8.05
430,Warri,NG,2021-07-19 01:40:27,5.5167,5.75,76.03,89,100,3.98
431,Pouembout,NC,2021-07-19 01:40:27,-21.1333,164.9,75.69,63,73,8.37
432,Beruwala,LK,2021-07-19 01:40:27,6.4788,79.9828,80.58,82,66,11.43
433,Mount Pleasant,US,2021-07-19 01:40:28,32.7941,-79.8626,78.01,89,90,3.0
434,Turukhansk,RU,2021-07-19 01:39:12,65.8167,87.9833,58.14,53,92,3.29
435,Charters Towers,AU,2021-07-19 01:40:28,-20.1,146.2667,73.35,45,21,2.35
436,Luderitz,NA,2021-07-19 01:40:28,-26.6481,15.1594,63.52,41,0,4.52
437,Khuzhir,RU,2021-07-19 01:40:28,53.1939,107.3397,53.82,96,100,2.1
438,Labuan,MY,2021-07-19 01:40:29,5.2767,115.2417,84.56,84,40,0.0
439,Taltal,CL,2021-07-19 01:40:29,-25.4,-70.4833,59.86,71,96,4.94
440,Aginskoye,RU,2021-07-19 01:40:29,51.1,114.53,73.94,55,2,6.62
441,Svetlyy,RU,2021-07-19 01:40:29,54.675,20.1347,60.85,69,73,12.82
442,Sri Aman,MY,2021-07-19 01:40:30,1.2376,111.4621,80.65,89,20,2.3
443,Byron Bay,AU,2021-07-19 01:40:30,-28.65,153.6167,69.06,62,72,3.29
444,Poum,NC,2021-07-19 01:40:30,-20.2333,164.0167,72.57,76,75,12.93
445,Akureyri,IS,2021-07-19 01:40:30,65.6835,-18.0878,64.33,36,0,16.11
446,Shenkursk,RU,2021-07-19 01:40:30,62.1091,42.896,61.81,72,0,8.16
447,Christchurch,NZ,2021-07-19 01:39:01,-43.5333,172.6333,51.33,92,75,4.0
448,Kununurra,AU,2021-07-19 01:40:31,-15.7667,128.7333,80.58,18,68,5.75
449,Gat,IL,2021-07-19 01:40:31,31.61,34.7642,83.39,74,1,3.8
450,Zabaykalsk,RU,2021-07-19 01:40:31,49.6333,117.3167,64.18,90,100,4.36
451,Cuauhtemoc,MX,2021-07-19 01:40:31,28.4167,-106.8667,74.71,49,50,14.72
452,Korla,CN,2021-07-19 01:40:32,41.7597,86.1469,79.2,24,100,9.01
453,Erenhot,CN,2021-07-19 01:40:32,43.6475,111.9767,82.29,37,0,7.31
454,Simpelveld,NL,2021-07-19 01:40:32,50.8342,5.9819,62.49,94,0,0.0
455,Iralaya,HN,2021-07-19 01:40:32,15.0,-83.2333,80.69,85,8,10.51
456,Isangel,VU,2021-07-19 01:40:32,-19.55,169.2667,77.11,83,75,5.75
457,Galesong,ID,2021-07-19 01:40:33,-5.3166,119.3661,84.22,71,27,0.78
458,Payo,ID,2021-07-19 01:40:33,-3.7508,103.6372,83.17,66,87,0.67
459,Kahului,US,2021-07-19 01:40:33,20.8947,-156.47,83.46,75,40,25.32
460,Hargeysa,SO,2021-07-19 01:40:33,9.56,44.065,68.7,59,87,27.49
461,Mwinilunga,ZM,2021-07-19 01:40:34,-11.7358,24.4293,48.87,62,10,5.21
462,Mayor Pablo Lagerenza,PY,2021-07-19 01:40:34,-19.9309,-60.7718,58.55,21,56,7.72
463,Sambava,MG,2021-07-19 01:40:34,-14.2667,50.1667,67.66,84,62,9.4
464,Treinta Y Tres,UY,2021-07-19 01:40:34,-33.2333,-54.3833,48.58,70,96,23.2
465,San Patricio,US,2021-07-19 01:40:34,28.017,-97.5169,86.72,73,2,9.62
466,Verkhoyansk,RU,2021-07-19 01:40:35,67.5447,133.385,72.61,28,100,8.9
467,Alofi,NU,2021-07-19 01:40:35,-19.0595,-169.9187,80.49,74,9,12.66
468,Shaunavon,CA,2021-07-19 01:40:35,49.6501,-108.4181,83.98,35,0,12.53
469,Dauphin,CA,2021-07-19 01:40:35,51.1494,-100.0502,80.74,69,20,14.97
470,Sitka,US,2021-07-19 01:40:36,57.0531,-135.33,62.49,72,90,3.44
471,Petrozavodsk,RU,2021-07-19 01:40:34,61.7849,34.3469,58.46,88,38,4.47
472,Turangi,NZ,2021-07-19 01:40:36,-39.0,175.9333,49.3,82,79,4.9
473,Cabinda,AO,2021-07-19 01:40:36,-5.55,12.2,69.66,92,30,4.34
474,Muzhi,RU,2021-07-19 01:40:36,65.3667,64.6667,64.4,59,87,4.61
475,Bjornevatn,NO,2021-07-19 01:40:37,69.6672,29.9847,46.74,93,90,11.5
476,Lakes Entrance,AU,2021-07-19 01:40:37,-37.8811,147.981,57.18,48,100,6.44
477,Ginir,ET,2021-07-19 01:40:37,7.1333,40.7,55.62,82,91,8.59
478,Iskateley,RU,2021-07-19 01:40:37,67.6803,53.1512,62.2,65,100,9.57
479,Quatre Cocos,MU,2021-07-19 01:40:37,-20.2078,57.7625,68.11,75,7,13.85
480,Rapid Valley,US,2021-07-19 01:40:38,44.0625,-103.1463,87.19,35,1,5.75
481,Bud,US,2021-07-19 01:40:38,39.447,-86.1758,75.02,80,0,7.34
482,Greenwood,US,2021-07-19 01:36:06,34.1668,-82.1165,76.77,88,75,9.22
483,Holetown,BB,2021-07-19 01:40:38,13.1867,-59.6381,82.96,73,47,18.41
484,Bani Walid,LY,2021-07-19 01:40:38,31.7566,13.9942,72.46,47,0,8.05
485,Cambados,ES,2021-07-19 01:40:39,42.5122,-8.8131,65.1,95,71,0.4
486,Cozumel,MX,2021-07-19 01:40:39,20.5083,-86.9458,84.18,86,40,1.99
487,Asau,RO,2021-07-19 01:40:39,46.4333,26.4,66.96,95,31,3.98
488,Toms River,US,2021-07-19 01:40:39,39.9537,-74.1979,75.94,67,90,1.99
489,Lazaro Cardenas,MX,2021-07-19 01:40:40,17.9583,-102.2,80.94,81,6,1.1
490,Khilok,RU,2021-07-19 01:40:40,51.3674,110.4676,75.34,53,50,3.06
491,Tumut,AU,2021-07-19 01:40:40,-35.3,148.2167,47.39,86,100,1.68
492,Lokosovo,RU,2021-07-19 01:40:40,61.1333,74.8167,57.18,85,100,1.88
493,Whitehorse,CA,2021-07-19 01:40:40,60.7161,-135.0538,79.02,24,75,5.99
494,Ushtobe,KZ,2021-07-19 01:40:41,45.2514,77.9838,83.64,19,1,5.32
495,Lima,PE,2021-07-19 01:37:40,-12.0432,-77.0282,61.05,82,90,11.5
496,Xinan,CN,2021-07-19 01:40:41,26.72,119.8556,79.0,79,100,3.98
497,Hirara,JP,2021-07-19 01:40:41,24.8,125.2833,88.07,79,75,12.66
498,Geraldton,AU,2021-07-19 01:40:41,-28.7667,114.6,59.41,88,90,8.05
499,Iquitos,PE,2021-07-19 01:40:42,-3.7481,-73.2472,75.24,94,20,0.0
500,Danshui,CN,2021-07-19 01:40:42,22.7984,114.4672,81.01,97,100,5.14
501,Enkoping,SE,2021-07-19 01:40:42,59.6361,17.0777,55.27,71,3,8.7
502,Mehran,IR,2021-07-19 01:40:42,33.1222,46.1646,95.83,11,0,6.91
503,Solenzo,BF,2021-07-19 01:40:42,12.1833,-4.0833,78.06,70,97,6.71
504,Miraflores,MX,2021-07-19 01:40:43,19.2167,-98.8083,62.87,87,99,4.54
505,Billings,US,2021-07-19 01:36:34,45.7833,-108.5007,101.97,15,40,9.22
506,Ciceu-Giurgesti,RO,2021-07-19 01:40:43,47.25,24.0167,71.49,81,3,2.77
507,Cooma,AU,2021-07-19 01:40:43,-36.2333,149.1333,40.77,87,100,9.22
508,Pedro Velho,BR,2021-07-19 01:40:43,-6.4392,-35.2214,77.29,95,6,9.57
509,Krasnyy Chikoy,RU,2021-07-19 01:40:44,50.3643,108.7512,66.22,93,100,1.05
510,Susurluk,TR,2021-07-19 01:40:44,39.9136,28.1578,75.83,76,0,2.53
511,Dingle,PH,2021-07-19 01:40:44,10.9995,122.6711,85.6,71,100,16.53
512,Houma,US,2021-07-19 01:40:44,29.5958,-90.7195,84.2,89,100,5.1
513,Dhidhdhoo,MV,2021-07-19 01:40:44,6.8833,73.1,82.98,74,91,12.97
514,Nanchang,CN,2021-07-19 01:40:45,28.6833,115.8833,85.37,71,100,2.71
515,Kulhudhuffushi,MV,2021-07-19 01:40:45,6.6221,73.07,82.85,74,83,12.66
516,Ilulissat,GL,2021-07-19 01:40:45,69.2167,-51.1,53.62,58,20,10.36
517,Muswellbrook,AU,2021-07-19 01:40:45,-32.2667,150.9,56.32,48,58,9.19
518,Yuzhno-Kurilsk,RU,2021-07-19 01:40:45,44.0306,145.8556,72.66,79,16,8.72
519,Cerro Azul,MX,2021-07-19 01:40:46,21.2,-97.7333,75.04,90,21,3.27
520,Viedma,AR,2021-07-19 01:40:46,-40.8135,-62.9967,42.28,47,2,12.48
521,Solnechnyy,RU,2021-07-19 01:40:46,50.7214,136.6319,84.06,48,80,3.69
522,Chesma,RU,2021-07-19 01:40:47,53.8111,60.6533,62.69,92,71,8.66
523,Bubaque,GW,2021-07-19 01:40:47,11.2833,-15.8333,80.38,82,100,10.74
524,Norman Wells,CA,2021-07-19 01:40:47,65.282,-126.8329,80.64,36,20,19.57
525,Neiafu,TO,2021-07-19 01:40:47,-18.65,-173.9833,81.28,74,40,8.05
526,Senno,RU,2021-07-19 01:40:47,59.5336,33.9167,55.26,90,8,4.59
527,Cururupu,BR,2021-07-19 01:40:48,-1.8283,-44.8683,74.52,91,17,2.44
528,Bandarawela,LK,2021-07-19 01:40:48,6.8305,80.9888,63.03,74,99,4.56
529,Hornepayne,CA,2021-07-19 01:40:48,49.2138,-84.7705,66.9,87,67,5.37
530,Ola,RU,2021-07-19 01:40:48,59.5833,151.2833,59.63,56,34,17.74
531,Ako,JP,2021-07-19 01:40:49,34.75,134.4,88.18,77,17,7.56
532,Carutapera,BR,2021-07-19 01:40:49,-1.195,-46.02,74.55,94,8,5.12
533,Bilma,NE,2021-07-19 01:40:49,18.6853,12.9164,88.32,31,86,8.99
534,Karaton,ID,2021-07-19 01:40:49,-6.3424,106.1045,86.95,60,52,0.74
535,Ca Mau,VN,2021-07-19 01:40:50,9.1769,105.15,83.73,75,96,6.53
536,Half Moon Bay,US,2021-07-19 01:40:50,37.4636,-122.4286,93.02,74,40,11.5
537,Latung,PH,2021-07-19 01:40:50,5.5,120.8833,83.32,77,48,9.82
538,Kenosha,US,2021-07-19 01:40:50,42.5667,-88.0501,73.78,60,1,5.75
539,Sinjai,ID,2021-07-19 01:40:51,-5.1241,120.253,82.99,67,71,7.36
540,Shimoda,JP,2021-07-19 01:40:51,34.6667,138.95,91.11,73,2,6.93
541,Namatanai,PG,2021-07-19 01:40:51,-3.6667,152.4333,83.95,71,100,1.63
542,Belyy Yar,RU,2021-07-19 01:40:51,53.6039,91.3903,66.09,72,0,2.24
543,Vyara,IN,2021-07-19 01:40:51,21.1167,73.4,77.79,87,100,6.51
544,Mastic,US,2021-07-19 01:40:52,40.802,-72.8409,77.99,80,1,8.05
545,Kurilsk,RU,2021-07-19 01:40:05,45.2333,147.8833,66.65,81,51,3.18
546,Cockburn Town,TC,2021-07-19 01:40:52,21.4612,-71.1419,81.55,87,100,21.43
547,Kita,ML,2021-07-19 01:40:52,13.0349,-9.4895,76.82,71,31,3.71
548,Nelspruit,ZA,2021-07-19 01:40:24,-25.4745,30.9703,43.95,61,0,4.61
549,Esil,KZ,2021-07-19 01:40:53,51.9556,66.4042,65.84,59,100,9.06
550,Istisu,AZ,2021-07-19 01:40:53,40.9457,48.0738,72.3,58,0,5.55
551,Boma,GH,2021-07-19 01:40:53,7.0805,-2.1697,68.76,98,100,2.89
552,Balikpapan,ID,2021-07-19 01:40:00,-1.2675,116.8289,81.59,89,40,4.61
553,Taldan,RU,2021-07-19 01:40:53,53.6667,124.8,60.01,99,100,6.96
554,Saint-Dizier,FR,2021-07-19 01:40:54,48.4167,5.0833,62.65,93,0,8.72
555,Edd,ER,2021-07-19 01:40:54,13.9297,41.6925,90.19,63,32,1.9
556,Guerrero Negro,MX,2021-07-19 01:40:54,27.9769,-114.0611,73.56,74,5,15.21
557,Raudeberg,NO,2021-07-19 01:40:54,61.9875,5.1352,52.86,77,85,0.27
558,Richards Bay,ZA,2021-07-19 01:40:54,-28.783,32.0377,55.18,87,0,6.49
559,Lillooet,CA,2021-07-19 01:40:55,50.6856,-121.942,84.96,30,21,5.64
560,Ulaangom,MN,2021-07-19 01:40:55,49.9811,92.0667,72.68,36,15,2.28
561,Cumra,TR,2021-07-19 01:40:55,37.5732,32.7745,64.54,47,0,7.14
562,Severo-Yeniseyskiy,RU,2021-07-19 01:39:03,60.3725,93.0408,54.84,96,100,6.15
563,Anito,PH,2021-07-19 01:40:56,12.4497,125.2886,88.09,63,100,5.97
564,Teya,RU,2021-07-19 01:40:56,60.3778,92.6267,57.87,98,100,4.65
565,Maibong,IN,2021-07-19 01:40:56,25.3,93.1667,77.83,98,100,2.21
566,Clinton,US,2021-07-19 01:40:56,42.587,-82.9199,79.02,70,40,4.61
567,Kudahuvadhoo,MV,2021-07-19 01:40:56,2.6708,72.8944,82.08,75,72,7.07
568,Shingu,JP,2021-07-19 01:40:57,33.7333,135.9833,85.19,73,1,5.64
569,Behshahr,IR,2021-07-19 01:40:57,36.6923,53.5526,79.66,76,3,2.15
570,Bardiyah,LY,2021-07-19 01:40:57,31.7561,25.0865,76.87,71,0,4.79
571,Kungurtug,RU,2021-07-19 01:40:57,50.5994,97.5228,66.81,48,76,1.66
572,Baykit,RU,2021-07-19 01:40:57,61.67,96.37,61.07,83,98,4.07
573,Ambon,ID,2021-07-19 01:40:58,-3.6954,128.1814,84.34,74,20,2.3
574,Constitucion,CL,2021-07-19 01:40:58,-35.3333,-72.4167,51.28,58,0,6.08
575,Namibe,AO,2021-07-19 01:40:58,-15.1961,12.1522,66.85,87,2,5.82
576,Sijunjung,ID,2021-07-19 01:40:58,-0.6876,100.9537,77.74,77,100,2.01
577,Mehamn,NO,2021-07-19 01:40:59,71.0357,27.8492,46.76,94,100,18.9
578,Tullahoma,US,2021-07-19 01:40:59,35.362,-86.2094,76.66,90,40,1.01
579,Aasiaat,GL,2021-07-19 01:40:59,68.7098,-52.8699,41.32,91,100,12.77
580,Wajir,KE,2021-07-19 01:40:59,1.7471,40.0573,75.02,64,100,17.47
